{
	"partitions" : [
		{
			"name" : "Top",
			"pins" : [
				{
					"name" : "op_out[0]",
					"strict" : false
				},
				{
					"name" : "op_out[1]",
					"strict" : false
				},
				{
					"name" : "op_out[2]",
					"strict" : false
				},
				{
					"name" : "op_out[3]",
					"strict" : false
				},
				{
					"name" : "op_out[4]",
					"strict" : false
				},
				{
					"name" : "op_out[5]",
					"strict" : false
				},
				{
					"name" : "op_out[6]",
					"strict" : false
				},
				{
					"name" : "op_out[7]",
					"strict" : false
				},
				{
					"name" : "op_out[8]",
					"strict" : false
				},
				{
					"name" : "op_out[9]",
					"strict" : false
				},
				{
					"name" : "op_out[10]",
					"strict" : false
				},
				{
					"name" : "op_out[11]",
					"strict" : false
				},
				{
					"name" : "op_out[12]",
					"strict" : false
				},
				{
					"name" : "op_out[13]",
					"strict" : false
				},
				{
					"name" : "op_out[14]",
					"strict" : false
				},
				{
					"name" : "op_out[15]",
					"strict" : false
				},
				{
					"name" : "op_out[16]",
					"strict" : false
				},
				{
					"name" : "clk",
					"strict" : false
				},
				{
					"name" : "mpd_in[0]",
					"strict" : false
				},
				{
					"name" : "mpr_in[0]",
					"strict" : false
				},
				{
					"name" : "mpd_in[1]",
					"strict" : false
				},
				{
					"name" : "mpr_in[1]",
					"strict" : false
				},
				{
					"name" : "mpd_in[2]",
					"strict" : false
				},
				{
					"name" : "mpr_in[2]",
					"strict" : false
				},
				{
					"name" : "mpr_in[3]",
					"strict" : false
				},
				{
					"name" : "mpd_in[3]",
					"strict" : false
				},
				{
					"name" : "mpr_in[4]",
					"strict" : false
				},
				{
					"name" : "mpd_in[4]",
					"strict" : false
				},
				{
					"name" : "mpd_in[5]",
					"strict" : false
				},
				{
					"name" : "mpr_in[5]",
					"strict" : false
				},
				{
					"name" : "mpr_in[6]",
					"strict" : false
				},
				{
					"name" : "mpd_in[6]",
					"strict" : false
				},
				{
					"name" : "mpr_in[7]",
					"strict" : false
				},
				{
					"name" : "mpd_in[7]",
					"strict" : false
				},
				{
					"name" : "mpr_in[8]",
					"strict" : false
				},
				{
					"name" : "mpd_in[8]",
					"strict" : false
				},
				{
					"name" : "mpr_in[9]",
					"strict" : false
				},
				{
					"name" : "mpd_in[9]",
					"strict" : false
				},
				{
					"name" : "mpr_in[10]",
					"strict" : false
				},
				{
					"name" : "mpd_in[10]",
					"strict" : false
				},
				{
					"name" : "mpr_in[11]",
					"strict" : false
				},
				{
					"name" : "mpd_in[11]",
					"strict" : false
				},
				{
					"name" : "mpd_in[12]",
					"strict" : false
				},
				{
					"name" : "mpr_in[12]",
					"strict" : false
				},
				{
					"name" : "mpd_in[13]",
					"strict" : false
				},
				{
					"name" : "mpr_in[13]",
					"strict" : false
				},
				{
					"name" : "mpr_in[14]",
					"strict" : false
				},
				{
					"name" : "mpd_in[14]",
					"strict" : false
				},
				{
					"name" : "mpr_in[15]",
					"strict" : false
				},
				{
					"name" : "mpd_in[15]",
					"strict" : false
				}
			]
		}
	]
}